Time(s),Fx,Fy,Fz,Mx,My,Mz
0.000001,-0.0445,0.0412,0.0779,-0.0008,-0.0012,0.0000
0.010039,-0.0382,0.0341,0.0727,-0.0006,-0.0011,-0.0001
0.020079,-0.0358,0.0258,0.0838,-0.0003,-0.0010,-0.0001
0.030109,-0.0367,0.0238,0.0832,-0.0003,-0.0009,-0.0002
0.040138,-0.0374,0.0183,0.0668,-0.0002,-0.0008,-0.0001
0.050167,-0.0319,0.0206,0.0784,-0.0003,-0.0008,-0.0002
0.060195,-0.0301,0.0208,0.0573,-0.0003,-0.0007,-0.0002
0.070224,-0.0284,0.0174,0.0488,-0.0004,-0.0006,-0.0001
0.080253,-0.0238,0.0162,0.0360,-0.0003,-0.0005,0.0000
0.090282,-0.0228,0.0169,0.0244,-0.0001,-0.0004,0.0001
0.100311,-0.0218,0.0139,0.0297,-0.0001,-0.0004,0.0001
0.110340,-0.0210,0.0149,0.0188,-0.0002,-0.0005,0.0001
0.120370,-0.0202,0.0121,0.0247,0.0000,-0.0004,0.0001
0.130398,-0.0195,0.0060,0.0248,-0.0001,-0.0004,0.0001
0.140427,-0.0189,0.0077,0.0038,-0.0001,-0.0004,0.0001
0.150456,-0.0153,0.0039,0.0007,0.0000,-0.0003,0.0002
0.160484,-0.0151,0.0058,-0.0073,0.0002,-0.0003,0.0002
0.170513,-0.0149,0.0039,-0.0041,0.0001,-0.0003,0.0002
0.180542,-0.0148,0.0058,-0.0117,0.0001,-0.0002,0.0003
0.190570,-0.0146,0.0004,-0.0133,-0.0001,-0.0003,0.0002
0.200597,-0.0114,0.0009,-0.0094,0.0000,-0.0003,0.0001
0.210626,-0.0115,-0.0040,-0.0059,-0.0001,-0.0003,0.0000
0.220654,-0.0117,-0.0085,-0.0081,-0.0000,-0.0003,-0.0000
0.230682,-0.0119,-0.0089,-0.0153,-0.0000,-0.0003,-0.0000
0.240710,-0.0089,-0.0111,-0.0112,-0.0001,-0.0003,0.0001
0.250739,-0.0062,-0.0131,-0.0181,-0.0001,-0.0002,0.0001
0.260768,-0.0069,-0.0166,-0.0085,-0.0001,-0.0002,0.0001
0.270796,-0.0044,-0.0145,-0.0210,-0.0002,-0.0001,0.0002
0.280824,-0.0084,-0.0161,-0.0269,-0.0003,-0.0002,0.0000
0.290852,-0.0058,-0.0175,-0.0216,-0.0002,-0.0002,-0.0001
0.300880,-0.0034,-0.0153,-0.0327,-0.0001,-0.0002,0.0001
0.310908,-0.0045,-0.0114,-0.0321,0.0000,-0.0001,0.0001
0.320936,-0.0054,-0.0116,-0.0211,0.0002,-0.0001,0.0001
0.330965,-0.0031,-0.0135,-0.0165,0.0002,0.0000,0.0002
0.340994,-0.0010,-0.0080,-0.0176,0.0002,-0.0000,0.0002
0.351024,-0.0023,-0.0085,-0.0185,0.0002,0.0000,0.0002
0.361052,-0.0033,-0.0125,-0.0037,-0.0001,-0.0000,-0.0001
0.371090,-0.0043,-0.0089,-0.0166,-0.0000,-0.0001,-0.0000
0.381119,-0.0021,-0.0111,-0.0176,0.0001,-0.0000,0.0001
0.391147,-0.0033,-0.0077,-0.0081,0.0001,0.0000,-0.0001
0.401177,-0.0043,-0.0118,-0.0152,0.0002,0.0000,-0.0001
0.411205,-0.0052,-0.0083,-0.0112,0.0003,0.0000,-0.0002
0.421235,-0.0060,-0.0088,-0.0023,0.0004,0.0002,-0.0002
0.431263,-0.0068,-0.0092,-0.0048,0.0004,0.0002,-0.0002
0.441292,-0.0043,-0.0113,-0.0018,0.0003,0.0002,-0.0003
0.451321,-0.0052,-0.0079,0.0009,0.0003,0.0001,-0.0002
0.461349,-0.0030,-0.0065,0.0034,0.0004,0.0001,-0.0002
0.471379,-0.0040,-0.0036,0.0213,0.0004,0.0002,-0.0001
0.481406,-0.0018,-0.0027,0.0164,0.0002,0.0002,0.0000
0.491434,0.0001,-0.0019,0.0016,0.0002,0.0000,0.0001
0.501462,-0.0012,-0.0030,-0.0066,0.0002,0.0001,0.0001
0.511491,0.0007,-0.0058,-0.0086,0.0003,0.0001,0.0002
0.521519,-0.0007,-0.0065,-0.0158,0.0003,0.0001,0.0002
0.531547,-0.0020,-0.0071,-0.0222,0.0001,-0.0000,0.0002
0.541576,-0.0001,-0.0023,-0.0279,0.0003,0.0000,0.0003
0.551605,-0.0014,0.0002,-0.0332,0.0001,0.0000,0.0004
0.561633,-0.0026,-0.0047,-0.0273,0.0002,-0.0000,0.0003
0.571662,0.0026,-0.0019,-0.0221,0.0002,0.0001,0.0003
0.581690,0.0040,-0.0012,-0.0120,0.0003,0.0001,0.0002
0.591717,0.0054,0.0031,-0.0031,0.0001,0.0001,0.0002
0.601746,0.0067,0.0069,-0.0056,0.0000,0.0002,0.0002
0.611773,0.0078,0.0032,-0.0129,0.0001,0.0000,0.0001
0.621800,0.0056,0.0016,0.0014,0.0002,0.0001,0.0001
0.631828,0.0068,0.0019,-0.0014,0.0003,0.0000,0.0002
0.641856,0.0048,0.0005,0.0013,0.0004,-0.0000,0.0002
0.651884,0.0060,-0.0026,0.0090,0.0005,0.0000,0.0002
0.661912,0.0041,-0.0036,0.0054,0.0005,-0.0001,0.0002
0.671941,0.0055,-0.0027,-0.0084,0.0004,-0.0001,0.0003
0.681970,0.0066,0.0016,-0.0051,0.0005,0.0000,0.0003
0.691997,0.0046,0.0002,0.0033,0.0006,0.0001,0.0003
0.702025,0.0059,-0.0029,-0.0051,0.0005,0.0001,0.0003
0.712053,0.0009,-0.0057,-0.0073,0.0004,0.0001,0.0003
0.722091,-0.0036,-0.0046,-0.0093,0.0004,0.0000,0.0003
0.732119,-0.0046,-0.0091,-0.0112,0.0003,0.0001,0.0002
0.742148,-0.0023,-0.0076,-0.0128,0.0002,0.0000,0.0003
0.752177,-0.0004,-0.0099,0.0068,0.0004,0.0001,0.0001
0.762205,0.0015,-0.0084,-0.0071,0.0003,0.0001,0.0001
0.772233,-0.0031,-0.0107,-0.0091,0.0003,0.0001,-0.0000
0.782263,-0.0042,-0.0109,-0.0109,0.0005,0.0002,-0.0000
0.792292,-0.0020,-0.0092,-0.0125,0.0005,0.0001,-0.0001
0.802321,-0.0031,-0.0096,-0.0193,0.0005,0.0001,-0.0001
0.812350,-0.0010,-0.0117,-0.0306,0.0005,0.0001,0.0000
0.822378,0.0008,-0.0064,-0.0302,0.0004,-0.0000,0.0000
0.832406,-0.0006,-0.0070,-0.0142,0.0005,0.0001,0.0000
0.842435,-0.0019,-0.0076,-0.0049,0.0006,0.0001,0.0000
0.852464,-0.0031,-0.0046,-0.0177,0.0005,0.0000,0.0001
0.862493,-0.0041,0.0018,-0.0082,0.0003,0.0000,0.0000
0.872522,-0.0081,0.0021,-0.0101,0.0001,-0.0000,-0.0000
0.882550,-0.0086,0.0042,-0.0276,0.0001,-0.0001,0.0000
0.892578,-0.0060,0.0007,-0.0171,0.0002,0.0001,-0.0001
0.902606,-0.0067,-0.0042,-0.0076,-0.0000,0.0001,-0.0001
0.912634,-0.0073,-0.0015,-0.0044,-0.0001,0.0000,-0.0002
0.922662,-0.0079,-0.0026,-0.0119,-0.0001,0.0000,-0.0002
0.932691,-0.0085,-0.0072,0.0024,0.0001,-0.0000,-0.0002
0.942719,-0.0059,-0.0059,0.0100,0.0003,-0.0000,-0.0003
0.952748,-0.0066,-0.0102,0.0168,0.0002,-0.0001,-0.0005
0.962777,-0.0042,-0.0086,0.0124,0.0002,-0.0000,-0.0003
0.972806,-0.0082,-0.0073,0.0241,0.0001,0.0000,-0.0003
0.982834,-0.0088,-0.0043,0.0190,0.0002,0.0001,-0.0004
0.992862,-0.0061,-0.0033,0.0091,0.0002,0.0001,-0.0002
1.003000,-0.0037,-0.0025,-0.0050,0.0003,0.0001,-0.0001
1.013029,-0.0016,-0.0017,-0.0178,0.0003,0.0000,0.0001
1.023065,-0.0028,-0.0028,-0.0082,0.0004,-0.0001,0.0001
1.033094,-0.0008,-0.0055,-0.0101,0.0003,-0.0002,0.0001
1.043123,-0.0020,-0.0098,-0.0275,0.0003,-0.0002,0.0002
1.053153,-0.0031,-0.0101,-0.0328,0.0002,-0.0003,0.0002
1.063182,0.0021,-0.0068,-0.0375,0.0002,-0.0003,0.0003
1.073212,-0.0026,-0.0092,-0.0365,0.0002,-0.0003,0.0001
1.083242,-0.0036,-0.0060,-0.0513,-0.0000,-0.0004,0.0002
1.093272,-0.0015,-0.0048,-0.0594,0.0001,-0.0004,0.0003
1.103301,-0.0027,-0.0020,-0.0562,0.0001,-0.0004,0.0003
1.113329,-0.0007,0.0023,-0.0480,0.0003,-0.0004,0.0003
1.123358,0.0011,0.0026,-0.0512,0.0003,-0.0003,0.0002
1.133388,0.0059,0.0011,-0.0488,0.0002,-0.0002,0.0002
1.143416,0.0040,-0.0003,-0.0414,0.0003,-0.0002,0.0002
1.153444,0.0085,-0.0051,-0.0242,0.0001,-0.0001,-0.0001
1.163473,0.0063,-0.0059,-0.0245,0.0001,-0.0002,-0.0001
1.173502,0.0075,-0.0083,-0.0195,0.0002,-0.0002,-0.0002
1.183531,0.0054,-0.0088,-0.0150,0.0003,-0.0002,-0.0001
1.193560,0.0066,-0.0109,-0.0320,0.0003,-0.0003,-0.0001
1.203589,0.0078,-0.0129,-0.0211,0.0001,-0.0002,-0.0002
1.213618,0.0087,-0.0111,-0.0111,0.0002,-0.0002,-0.0002
1.223647,0.0034,-0.0095,-0.0286,0.0001,-0.0001,-0.0002
1.233675,0.0017,-0.0062,-0.0179,0.0001,-0.0001,-0.0003
1.243704,0.0034,-0.0087,-0.0084,0.0001,-0.0001,-0.0004
1.253733,-0.0015,-0.0073,0.0002,0.0002,0.0001,-0.0004
1.263762,-0.0026,-0.0079,-0.0078,0.0002,0.0001,-0.0004
1.273790,-0.0006,-0.0030,-0.0150,0.0002,0.0001,-0.0003
1.283818,-0.0019,-0.0004,-0.0109,0.0002,0.0001,-0.0004
1.293847,0.0001,-0.0034,-0.0178,0.0001,-0.0000,-0.0003
1.303875,-0.0012,-0.0007,-0.0293,0.0000,-0.0001,-0.0002
1.313904,-0.0055,-0.0002,-0.0449,-0.0001,-0.0001,-0.0001
1.323932,-0.0063,-0.0014,-0.0431,-0.0001,-0.0002,-0.0000
1.333960,-0.0070,0.0011,-0.0153,-0.0001,-0.0002,-0.0002
1.343989,-0.0107,0.0014,-0.0113,-0.0002,-0.0000,-0.0002
1.354017,-0.0110,-0.0000,0.0028,-0.0004,0.0000,-0.0002
1.364046,-0.0081,0.0005,-0.0002,-0.0004,-0.0000,-0.0002
1.374087,-0.0086,-0.0008,-0.0029,-0.0005,-0.0001,-0.0002
1.384116,-0.0090,-0.0020,-0.0001,-0.0005,-0.0001,-0.0002
1.394145,-0.0064,-0.0049,0.0077,-0.0004,0.0000,-0.0001
1.404174,-0.0071,-0.0021,-0.0011,-0.0004,0.0001,0.0000
1.414204,-0.0046,-0.0014,-0.0090,-0.0005,0.0001,0.0001
1.424233,-0.0024,-0.0007,-0.0056,-0.0003,0.0000,0.0002
1.434262,-0.0004,-0.0037,-0.0130,-0.0001,0.0000,0.0003
1.444290,0.0045,-0.0046,0.0014,-0.0000,0.0001,0.0003
1.454320,0.0059,-0.0036,-0.0068,-0.0002,0.0001,0.0004
1.464348,0.0102,-0.0009,0.0174,-0.0003,0.0001,0.0000
1.474378,0.0140,-0.0021,0.0077,-0.0003,0.0001,0.0000
1.484407,0.0113,0.0005,0.0147,-0.0001,0.0001,-0.0001
1.494436,0.0088,-0.0044,0.0105,-0.0001,0.0001,-0.0001
1.504465,0.0128,-0.0088,-0.0037,0.0000,0.0000,-0.0002
1.514493,0.0133,-0.0074,-0.0114,0.0000,0.0000,-0.0000
1.524521,0.0106,-0.0080,-0.0234,0.0001,-0.0000,-0.0000
1.534550,0.0113,-0.0066,-0.0185,0.0002,-0.0000,0.0001
1.544578,0.0088,-0.0073,-0.0036,0.0002,0.0000,0.0001
1.554607,0.0097,-0.0060,0.0046,0.0003,-0.0001,0.0000
1.564636,0.0105,-0.0084,0.0014,0.0003,-0.0001,0.0001
1.574669,0.0081,-0.0088,-0.0067,0.0003,-0.0003,0.0001
1.584703,0.0060,-0.0092,-0.0035,0.0004,-0.0003,-0.0001
1.594732,-0.0022,-0.0024,0.0046,0.0004,-0.0002,-0.0001
1.604761,-0.0064,-0.0016,0.0014,0.0002,-0.0003,-0.0002
1.614790,-0.0040,-0.0045,-0.0119,0.0002,-0.0003,-0.0001
1.624818,-0.0049,-0.0054,-0.0083,0.0002,-0.0001,-0.0001
1.634846,-0.0058,-0.0061,-0.0049,0.0001,-0.0001,-0.0001
1.644875,-0.0065,-0.0068,0.0033,0.0000,0.0000,-0.0002
1.654903,-0.0072,-0.0074,0.0003,0.0000,-0.0001,-0.0002
1.664931,-0.0109,-0.0062,0.0133,0.0001,0.0000,-0.0002
1.674960,-0.0081,-0.0050,0.0040,0.0001,0.0000,-0.0003
1.684988,-0.0086,-0.0022,-0.0044,0.0003,0.0000,-0.0002
1.695017,-0.0091,-0.0033,-0.0067,0.0002,0.0001,-0.0001
1.705045,-0.0033,-0.0042,0.0070,0.0002,0.0002,-0.0003
1.715088,-0.0012,-0.0033,0.0351,0.0002,0.0004,-0.0003
1.725117,-0.0055,0.0011,0.0235,0.0000,0.0003,-0.0003
1.735146,-0.0063,-0.0039,0.0184,0.0001,0.0004,-0.0003
1.745175,-0.0008,-0.0012,0.0191,0.0000,0.0003,-0.0002
1.755203,-0.0020,-0.0023,0.0145,0.0000,0.0002,-0.0002
1.765232,-0.0001,-0.0016,-0.0055,0.0000,0.0001,-0.0000
1.775261,-0.0014,-0.0027,-0.0182,-0.0000,0.0001,-0.0000
1.785291,-0.0057,-0.0019,-0.0139,-0.0000,0.0002,-0.0001
1.795320,-0.0034,-0.0048,-0.0099,0.0001,0.0001,-0.0000
1.805350,-0.0044,-0.0020,-0.0222,0.0001,0.0001,0.0001
1.815379,0.0010,-0.0031,-0.0279,0.0001,0.0001,0.0001
1.825408,-0.0004,-0.0005,-0.0332,-0.0000,0.0001,0.0001
1.835437,0.0014,0.0001,-0.0274,-0.0000,0.0002,0.0001
1.845466,-0.0001,-0.0012,-0.0379,-0.0001,0.0001,0.0001
1.855494,-0.0014,-0.0024,-0.0473,-0.0000,0.0001,0.0001
1.865523,-0.0057,-0.0052,-0.0400,0.0001,0.0001,-0.0001
1.875552,-0.0065,-0.0024,-0.0335,-0.0000,0.0000,0.0000
1.885581,-0.0103,-0.0016,-0.0276,0.0001,-0.0000,-0.0000
1.895609,-0.0075,-0.0045,-0.0381,0.0002,-0.0000,0.0000
1.905637,-0.0050,-0.0035,-0.0370,0.0001,-0.0001,0.0001
1.915666,-0.0059,-0.0045,-0.0360,0.0004,-0.0000,0.0001
1.925694,-0.0035,-0.0070,-0.0246,0.0004,-0.0001,0.0002
1.935722,0.0017,-0.0040,-0.0248,0.0005,-0.0001,0.0002
1.945751,0.0002,-0.0049,-0.0251,0.0004,-0.0001,0.0002
1.955778,0.0019,-0.0039,-0.0305,0.0004,-0.0001,0.0003
1.965806,-0.0027,-0.0030,-0.0197,0.0004,-0.0001,0.0002
1.975834,-0.0069,0.0014,-0.0205,0.0002,-0.0000,0.0002
1.985862,-0.0044,0.0018,-0.0212,0.0002,-0.0001,0.0003
1.995891,-0.0022,0.0021,-0.0165,0.0001,-0.0001,0.0002
2.005987,-0.0002,0.0024,-0.0229,0.0001,-0.0001,0.0003
2.016015,-0.0015,0.0009,-0.0234,-0.0001,-0.0001,0.0003
2.026044,0.0005,-0.0022,-0.0343,-0.0001,-0.0002,0.0003
2.036088,0.0022,-0.0051,-0.0284,-0.0001,-0.0000,0.0002
2.046118,0.0038,-0.0076,-0.0440,-0.0001,-0.0001,0.0002
2.056147,0.0082,-0.0082,-0.0371,0.0001,0.0000,0.0002
2.066176,0.0061,-0.0122,-0.0361,-0.0001,-0.0001,0.0002
2.076205,0.0073,-0.0141,-0.0352,0.0000,0.0000,0.0002
2.086235,0.0084,-0.0157,-0.0292,-0.0001,-0.0000,0.0001
2.096265,0.0093,-0.0171,-0.0132,-0.0001,-0.0001,-0.0000
2.106295,0.0101,-0.0149,-0.0251,0.0000,-0.0001,0.0001
2.116324,0.0078,-0.0076,-0.0096,0.0000,0.0001,-0.0002
2.126354,0.0088,-0.0062,-0.0166,-0.0000,-0.0000,-0.0002
2.136383,0.0097,-0.0087,-0.0177,0.0000,0.0000,-0.0001
2.146411,0.0135,-0.0091,-0.0239,0.0002,0.0001,-0.0001
2.156440,0.0109,-0.0095,-0.0190,0.0001,0.0000,-0.0001
2.166468,0.0116,-0.0115,-0.0198,0.0001,-0.0001,0.0000
2.176497,0.0153,-0.0117,-0.0205,0.0002,0.0000,0.0000
2.186526,0.0124,-0.0117,-0.0212,0.0003,-0.0001,0.0000
2.196555,0.0129,-0.0136,-0.0218,0.0004,0.0000,-0.0001
2.206584,0.0103,-0.0136,-0.0223,0.0004,0.0001,-0.0001
2.216613,0.0079,-0.0171,-0.0175,0.0005,0.0000,-0.0001
2.226642,0.0027,-0.0149,-0.0290,0.0003,0.0000,-0.0002
2.236670,0.0011,-0.0182,-0.0289,0.0003,-0.0001,-0.0002
2.246698,-0.0035,-0.0123,-0.0234,0.0004,-0.0001,-0.0002
2.256727,-0.0014,-0.0105,-0.0133,0.0005,-0.0001,-0.0002
2.266755,-0.0026,-0.0144,-0.0199,0.0005,-0.0000,-0.0002
2.276783,-0.0005,-0.0124,-0.0259,0.0004,-0.0000,-0.0001
2.286812,0.0044,-0.0160,-0.0313,0.0005,-0.0001,-0.0001
2.296840,0.0058,-0.0174,-0.0309,0.0003,-0.0002,-0.0001
2.306870,0.0070,-0.0224,-0.0253,0.0002,-0.0001,-0.0000
2.316899,0.0049,-0.0214,-0.0255,0.0003,0.0000,-0.0002
2.326928,0.0031,-0.0205,0.0006,0.0001,0.0000,-0.0004
2.336957,0.0046,-0.0216,0.0030,0.0003,0.0001,-0.0003
2.346985,0.0059,-0.0189,-0.0053,0.0002,0.0001,-0.0003
2.357013,0.0071,-0.0165,0.0030,0.0001,0.0001,-0.0003
2.367041,0.0081,-0.0107,-0.0000,0.0001,0.0002,-0.0004
2.377083,0.0091,-0.0091,-0.0080,0.0001,0.0002,-0.0005
2.387113,0.0069,-0.0059,-0.0099,0.0001,0.0001,-0.0003
2.397142,0.0048,-0.0066,-0.0117,0.0002,0.0002,-0.0003
2.407172,0.0061,-0.0054,-0.0132,0.0003,0.0002,-0.0003
2.417201,0.0072,-0.0044,-0.0041,0.0002,0.0002,-0.0003
2.427230,0.0083,-0.0070,-0.0064,0.0002,0.0001,-0.0002
2.437259,0.0061,-0.0076,-0.0138,0.0002,0.0001,-0.0002
2.447288,0.0042,-0.0081,-0.0152,0.0000,0.0000,-0.0002
2.457316,0.0087,-0.0085,-0.0111,-0.0001,-0.0000,-0.0002
2.467345,0.0096,-0.0107,-0.0127,-0.0000,-0.0001,-0.0001
2.477374,0.0073,-0.0073,-0.0089,-0.0000,-0.0002,-0.0000
2.487403,0.0083,-0.0060,-0.0159,0.0001,-0.0003,0.0001
2.497432,0.0093,-0.0048,-0.0223,-0.0000,-0.0004,0.0002
2.507461,0.0101,-0.0038,-0.0280,0.0001,-0.0004,0.0002
2.517490,0.0109,-0.0065,-0.0332,0.0001,-0.0003,0.0002
2.527518,0.0085,-0.0071,-0.0117,-0.0001,-0.0003,0.0000
2.537547,0.0094,-0.0095,-0.0080,-0.0001,-0.0002,-0.0001
2.547576,0.0071,-0.0062,-0.0099,-0.0001,-0.0002,-0.0002
2.557605,0.0020,-0.0015,-0.0222,-0.0003,-0.0002,-0.0002
2.567633,0.0036,-0.0044,-0.0070,-0.0002,-0.0001,-0.0001
2.577662,0.0050,-0.0035,-0.0038,-0.0002,-0.0000,-0.0001
2.587690,0.0062,-0.0026,-0.0008,0.0000,0.0001,-0.0002
2.597719,0.0043,-0.0036,0.0123,0.0001,0.0002,-0.0003
2.607747,0.0025,-0.0046,0.0083,0.0002,0.0002,-0.0003
2.617775,-0.0022,-0.0036,0.0152,-0.0000,0.0002,-0.0003
2.627803,-0.0033,-0.0081,0.0215,0.0002,0.0002,-0.0003
2.637832,-0.0043,-0.0050,0.0167,0.0002,0.0001,-0.0002
2.647860,-0.0053,-0.0058,0.0070,0.0003,0.0001,-0.0002
2.657888,-0.0029,-0.0047,-0.0017,0.0001,0.0001,-0.0001
2.667916,-0.0009,-0.0001,-0.0095,0.0001,0.0001,-0.0000
2.677945,0.0010,-0.0032,-0.0219,0.0001,0.0002,0.0000
2.687973,-0.0035,-0.0024,-0.0172,0.0000,0.0002,-0.0000
2.698001,-0.0014,-0.0016,-0.0234,0.0000,0.0002,-0.0001
2.708030,0.0005,-0.0045,-0.0185,0.0001,0.0001,-0.0002
2.718064,0.0022,0.0037,-0.0036,0.0001,0.0000,-0.0003
2.728092,0.0037,0.0038,-0.0165,0.0002,0.0000,-0.0001
2.738122,0.0082,-0.0013,0.0035,0.0002,-0.0000,-0.0003
2.748151,0.0092,-0.0043,0.0004,0.0001,0.0001,-0.0002
2.758180,0.0069,-0.0087,0.0134,0.0002,0.0001,-0.0003
2.768209,0.0049,-0.0091,0.0093,0.0002,0.0000,-0.0002
2.778238,0.0062,-0.0113,0.0109,0.0001,-0.0000,-0.0003
2.788267,0.0012,-0.0096,0.0124,0.0001,-0.0002,-0.0003
2.798296,-0.0003,-0.0099,0.0032,0.0001,-0.0001,-0.0003
2.808325,-0.0016,-0.0138,0.0054,0.0000,-0.0002,-0.0003
2.818354,0.0004,-0.0154,0.0074,0.0001,-0.0002,-0.0004
2.828383,0.0021,-0.0169,0.0039,0.0001,-0.0002,-0.0003
2.838412,-0.0026,-0.0183,0.0218,0.0002,-0.0001,-0.0004
2.848440,-0.0006,-0.0160,0.0274,0.0002,-0.0001,-0.0002
2.858468,-0.0019,-0.0156,0.0220,0.0002,-0.0001,-0.0002
2.868498,-0.0030,-0.0154,0.0170,0.0003,-0.0000,-0.0002
2.878527,-0.0072,-0.0169,0.0232,0.0004,-0.0000,-0.0003
2.888556,-0.0047,-0.0147,0.0129,0.0004,-0.0000,-0.0003
2.898584,-0.0056,-0.0181,0.0141,0.0004,-0.0000,-0.0003
2.908613,-0.0063,-0.0140,0.0047,0.0004,-0.0000,-0.0002
2.918642,-0.0070,-0.0138,0.0015,0.0004,-0.0001,-0.0002
2.928670,-0.0045,-0.0120,-0.0014,0.0002,-0.0000,-0.0002
2.938699,-0.0023,-0.0138,-0.0197,0.0002,-0.0001,-0.0001
2.948727,-0.0034,-0.0137,-0.0153,0.0002,0.0000,-0.0001
2.958756,-0.0044,-0.0208,-0.0112,0.0003,-0.0000,-0.0002
2.968784,-0.0053,-0.0164,-0.0076,0.0002,-0.0000,-0.0003
2.978813,-0.0061,-0.0160,-0.0200,0.0002,-0.0002,-0.0003
2.988841,-0.0037,-0.0139,-0.0155,0.0001,-0.0002,-0.0003
2.998869,-0.0016,-0.0120,-0.0114,0.0002,-0.0001,-0.0003
3.008957,0.0004,-0.0138,-0.0235,0.0003,-0.0001,-0.0002
3.018985,0.0021,-0.0155,-0.0239,0.0003,-0.0000,-0.0001
3.029014,0.0037,-0.0171,-0.0243,0.0002,0.0000,-0.0000
3.039043,0.0020,-0.0167,-0.0193,0.0002,0.0002,-0.0000
3.049086,0.0035,-0.0145,-0.0148,0.0003,0.0001,-0.0001
3.059115,0.0018,-0.0143,-0.0055,0.0004,0.0001,-0.0001
3.069145,0.0003,-0.0105,-0.0077,0.0004,0.0000,0.0000
3.079174,-0.0011,-0.0108,-0.0044,0.0003,0.0001,0.0000
3.089203,-0.0023,-0.0110,-0.0067,0.0003,0.0001,0.0000
3.099231,-0.0003,-0.0129,-0.0140,0.0005,0.0001,-0.0001
3.109259,-0.0048,-0.0147,0.0005,0.0006,-0.0000,-0.0002
3.119288,-0.0025,-0.0127,0.0030,0.0004,-0.0000,-0.0002
3.129327,-0.0067,-0.0109,-0.0001,0.0005,0.0000,-0.0003
3.139356,-0.0074,-0.0147,0.0025,0.0005,-0.0000,-0.0003
3.149384,-0.0080,-0.0181,0.0100,0.0005,0.0000,-0.0003
3.159413,-0.0085,-0.0176,0.0115,0.0004,0.0001,-0.0003
3.169440,-0.0059,-0.0153,0.0286,0.0004,0.0002,-0.0003
3.179474,0.0027,-0.0132,0.0020,0.0003,0.0001,-0.0003
3.189503,0.0011,-0.0096,-0.0114,0.0002,0.0000,-0.0002
3.199532,0.0028,-0.0081,-0.0183,0.0002,0.0001,-0.0001
3.209560,0.0012,-0.0014,-0.0035,0.0001,0.0001,-0.0001
3.219589,0.0028,-0.0044,0.0151,-0.0001,0.0002,-0.0002
3.229617,0.0012,-0.0052,0.0109,0.0000,0.0003,-0.0002
3.239646,0.0029,-0.0078,0.0018,0.0000,0.0003,-0.0001
3.249674,0.0012,-0.0047,0.0041,-0.0001,0.0002,-0.0000
3.259702,-0.0003,-0.0055,0.0115,0.0001,0.0002,-0.0000
3.269731,0.0016,-0.0080,-0.0029,0.0000,0.0002,0.0000
3.279759,0.0001,-0.0049,-0.0054,-0.0001,0.0002,0.0001
3.289788,-0.0013,-0.0093,0.0030,0.0001,0.0002,0.0000
3.299816,0.0037,-0.0096,0.0052,0.0002,0.0002,0.0001
3.309846,0.0051,-0.0153,0.0125,0.0003,0.0002,-0.0001
3.319874,0.0063,-0.0168,0.0086,0.0004,0.0002,-0.0000
3.329901,0.0075,-0.0182,0.0050,0.0004,0.0003,0.0000
3.339929,0.0023,-0.0159,0.0018,0.0004,0.0002,-0.0000
3.349957,0.0008,-0.0156,-0.0012,0.0002,0.0001,-0.0000
3.359985,0.0025,-0.0135,-0.0248,0.0001,-0.0001,0.0001
3.370012,0.0040,-0.0116,-0.0198,0.0003,0.0000,0.0000
3.380041,0.0053,-0.0135,-0.0153,0.0003,0.0000,0.0001
3.390082,0.0034,-0.0134,-0.0007,0.0004,0.0001,0.0001
3.400111,0.0049,-0.0152,-0.0138,0.0004,0.0000,0.0002
3.410139,0.0061,-0.0131,-0.0047,0.0004,0.0001,0.0001
3.420167,0.0073,-0.0112,0.0141,0.0004,0.0000,-0.0001
3.430198,0.0052,-0.0114,0.0258,0.0005,0.0001,-0.0003
3.440227,0.0034,-0.0116,0.0256,0.0003,0.0002,-0.0003
3.450256,0.0048,-0.0135,0.0151,0.0002,0.0002,-0.0002
3.460284,0.0030,-0.0134,0.0161,0.0001,0.0002,-0.0001
3.470312,0.0014,-0.0134,0.0012,0.0001,0.0001,-0.0001
3.480342,-0.0001,-0.0098,-0.0122,0.0001,0.0002,-0.0001
3.490370,0.0017,-0.0082,-0.0032,0.0001,0.0002,-0.0001
3.500398,0.0033,-0.0105,-0.0004,-0.0000,0.0002,-0.0002
3.510427,0.0017,-0.0143,-0.0083,-0.0000,0.0002,-0.0002
3.520456,0.0002,-0.0106,-0.0207,-0.0001,0.0001,-0.0001
3.530487,0.0019,-0.0126,-0.0319,-0.0000,0.0001,-0.0001
3.540516,0.0004,-0.0090,-0.0262,-0.0001,0.0000,-0.0002
3.550546,-0.0040,-0.0076,-0.0158,-0.0002,0.0000,-0.0002
3.560575,-0.0050,-0.0117,-0.0065,-0.0002,0.0001,-0.0002
3.570603,-0.0027,-0.0136,-0.0138,-0.0002,0.0001,-0.0001
3.580631,-0.0037,-0.0135,-0.0257,-0.0001,0.0000,-0.0001
3.590660,-0.0017,-0.0045,-0.0153,0.0001,0.0001,-0.0002
3.600692,-0.0028,-0.0053,-0.0217,0.0001,0.0001,-0.0002
3.610723,-0.0008,-0.0042,-0.0117,0.0003,0.0001,-0.0002
3.620752,-0.0021,-0.0087,-0.0028,0.0002,0.0001,-0.0003
3.630781,-0.0032,-0.0127,-0.0105,0.0002,0.0001,-0.0003
3.640810,-0.0042,-0.0127,-0.0122,0.0003,0.0002,-0.0002
3.650838,-0.0020,-0.0109,-0.0137,0.0003,0.0001,-0.0001
3.660866,-0.0000,-0.0093,-0.0256,0.0002,0.0000,-0.0001
3.670894,0.0018,-0.0114,-0.0152,0.0001,0.0000,-0.0001
3.680922,0.0002,-0.0080,-0.0164,0.0002,0.0001,0.0000
3.690950,-0.0012,-0.0084,-0.0017,0.0004,0.0000,0.0000
3.700978,0.0007,-0.0071,-0.0095,0.0003,0.0000,-0.0000
3.711007,0.0024,-0.0094,-0.0060,0.0004,0.0000,0.0000
3.721034,0.0039,-0.0116,-0.0029,0.0003,0.0001,0.0001
3.731066,0.0053,-0.0063,-0.0159,0.0002,0.0001,0.0001
3.741094,0.0066,-0.0087,-0.0065,0.0002,0.0001,-0.0000
3.751123,0.0108,-0.0127,0.0229,0.0001,0.0002,-0.0001
3.761152,0.0146,-0.0126,0.0127,0.0000,0.0000,-0.0001
3.771181,0.0150,-0.0180,0.0034,-0.0001,-0.0001,-0.0000
3.781210,0.0153,-0.0193,-0.0154,-0.0000,-0.0002,0.0000
3.791239,0.0155,-0.0168,-0.0166,-0.0000,-0.0002,0.0002
3.801268,0.0157,-0.0145,-0.0281,-0.0000,-0.0004,0.0003
3.811297,0.0097,-0.0126,-0.0281,0.0001,-0.0003,0.0002
3.821326,0.0105,-0.0144,-0.0332,0.0001,-0.0002,0.0002
3.831354,0.0081,-0.0142,-0.0274,0.0001,-0.0002,0.0000
3.841383,0.0029,-0.0159,-0.0168,0.0000,-0.0003,-0.0001
3.851410,0.0013,-0.0156,-0.0284,0.0001,-0.0003,-0.0001
3.861443,-0.0002,-0.0153,-0.0177,0.0003,-0.0003,-0.0001
3.871472,0.0016,-0.0132,-0.0187,0.0003,-0.0003,-0.0001
3.881500,0.0032,-0.0150,-0.0196,0.0002,-0.0002,-0.0000
3.891529,0.0046,-0.0165,-0.0098,0.0003,-0.0002,-0.0001
3.901557,0.0059,-0.0143,-0.0115,0.0005,-0.0001,0.0000
3.911585,0.0040,-0.0142,-0.0236,0.0004,-0.0001,0.0000
3.921614,0.0023,-0.0140,-0.0292,0.0003,-0.0002,0.0000
3.931642,0.0007,-0.0139,-0.0291,0.0002,-0.0001,0.0000
3.941670,0.0055,-0.0102,-0.0289,0.0001,-0.0001,0.0001
3.951699,0.0068,-0.0087,-0.0340,0.0001,-0.0000,0.0002
3.961733,0.0109,-0.0055,-0.0228,0.0002,-0.0000,0.0001
3.971762,0.0085,-0.0026,-0.0285,0.0001,-0.0001,0.0001
3.981790,0.0094,-0.0018,-0.0179,0.0001,-0.0001,0.0001
3.991819,0.0071,-0.0029,-0.0188,0.0001,-0.0002,0.0001
4.001846,0.0113,-0.0039,-0.0302,0.0000,-0.0002,0.0001
4.011972,0.0151,-0.0047,-0.0299,-0.0000,-0.0001,0.0001
4.022001,0.0154,-0.0073,-0.0297,-0.0000,-0.0002,0.0001
4.032028,0.0156,-0.0060,-0.0294,-0.0000,-0.0002,0.0001
4.042056,0.0127,-0.0067,-0.0291,0.0001,-0.0003,0.0001
4.052094,0.0101,-0.0073,-0.0237,0.0000,-0.0003,0.0001
4.062123,0.0078,-0.0078,-0.0136,0.0000,-0.0002,-0.0001
4.072152,0.0057,-0.0155,-0.0202,0.0000,-0.0002,-0.0002
4.082181,0.0069,-0.0135,-0.0157,0.0000,-0.0001,-0.0002
4.092210,0.0049,-0.0134,-0.0221,0.0000,-0.0000,-0.0002
4.102239,0.0061,-0.0115,-0.0226,0.0002,-0.0001,-0.0002
4.112268,0.0073,-0.0170,-0.0178,0.0003,-0.0001,-0.0002
4.122297,0.0083,-0.0183,-0.0134,0.0003,-0.0001,-0.0003
4.132327,0.0093,-0.0159,-0.0201,0.0002,-0.0003,-0.0003
4.142356,0.0101,-0.0138,-0.0260,0.0002,-0.0002,-0.0002
4.152385,0.0109,-0.0155,-0.0314,0.0002,-0.0002,-0.0001
4.162413,0.0023,-0.0153,-0.0153,-0.0001,-0.0001,-0.0002
4.172443,0.0039,-0.0168,-0.0271,-0.0001,-0.0001,-0.0002
4.182472,0.0021,-0.0128,-0.0113,-0.0001,-0.0002,-0.0003
4.192500,0.0006,-0.0164,-0.0181,-0.0002,-0.0003,-0.0003
4.202528,0.0023,-0.0214,-0.0138,-0.0001,-0.0003,-0.0002
4.212556,0.0039,-0.0151,-0.0152,-0.0002,-0.0003,-0.0002
4.222584,0.0053,-0.0131,-0.0112,-0.0004,-0.0002,-0.0002
4.232612,0.0097,-0.0166,-0.0075,-0.0002,-0.0002,-0.0003
4.242640,0.0073,-0.0127,-0.0147,-0.0002,-0.0002,-0.0002
4.252668,0.0053,-0.0127,-0.0160,-0.0002,-0.0002,-0.0002
4.262697,0.0034,-0.0127,-0.0119,-0.0000,-0.0001,-0.0001
4.272726,0.0017,-0.0127,0.0024,0.0001,-0.0000,-0.0001
4.282754,0.0032,-0.0109,-0.0006,0.0003,0.0001,0.0000
4.292783,0.0047,-0.0129,-0.0085,0.0003,0.0001,-0.0001
4.302811,0.0091,-0.0092,0.0054,0.0003,-0.0000,-0.0002
4.312839,0.0100,-0.0078,-0.0084,0.0002,-0.0000,-0.0000
